name,total_return,annual_return,annual_volatility,sharpe,max_drawdown,trades
AAPL,2.315025268116787,0.11933367247083404,0.22395838478435245,0.5328386011791404,-0.314272418910468,9
MSFT,2.69269867832451,0.13075150026167792,0.19411248379137414,0.6735862511666454,-0.2803930690372557,8
NVDA,43.73666969117758,0.4297812357644559,0.3686694582804504,1.1657630598668067,-0.3755404514249423,5
AMZN,0.5618678024702877,0.042833895469968075,0.22310328741721985,0.19199132368617,-0.4295038837931626,11
META,3.399307709979052,0.14952895632054997,0.2689172927298744,0.5560406874642709,-0.381486566519213,12
GOOGL,3.605840103640843,0.15450047038625114,0.22018690538832614,0.7016787402219534,-0.30870818708538394,9
AVGO,3.706333417361507,0.15684683690792722,0.34449560301919885,0.4552941620540396,-0.48299983806040925,13
GOOG,3.205483371324874,0.14466713313994695,0.2182859789415612,0.662741298554392,-0.307901382473982,9
TSLA,5.46175724456837,0.19186095311333373,0.4596151028997763,0.41743831284667543,-0.6508047028909436,18
BRK-B,0.5196929155242958,0.04015210863003538,0.15236292581510072,0.26352938823688493,-0.29569936128511065,15
LLY,6.409000994627422,0.20729637863277484,0.25316371914123587,0.8188234054071848,-0.24137684368096113,11
JPM,1.8223619830730469,0.10252097933427118,0.20031449541800295,0.5118001027351377,-0.43626503183821863,7
WMT,1.713377981472537,0.09844451401456955,0.19180478573289936,0.5132536898826912,-0.41631498341704587,14
V,1.2007538638948851,0.0770204965599206,0.17412158925092874,0.4423374315112954,-0.3636490678282188,9
ORCL,1.5559887892571886,0.09228762052144024,0.26165863922019067,0.35270236364631735,-0.457729689416954,12
XOM,1.0092463321637575,0.06783659759515537,0.19282505374963135,0.3518038567915351,-0.37673539144390467,15
MA,1.0496828519025492,0.06983989923440981,0.1978006061637521,0.3530823316921073,-0.40997204553026345,11
COST,2.9913268849752686,0.13905335688866405,0.19025276614128175,0.7308874383744991,-0.33991231842736347,14
JNJ,0.26797946320341937,0.022584594630681742,0.1587405368783015,0.14227364399048387,-0.47287045220653756,21
HD,0.1792898562494849,0.015633423503260913,0.19688707579513237,0.07940299504233592,-0.4587970063032689,14
PG,0.26977468755404566,0.022720693721468566,0.1562934357246146,0.14537202804538701,-0.23155563150019798,17
BAC,0.08479063674635401,0.007685044224384985,0.2119128628926418,0.03626511444129912,-0.49773005375952206,17
ABBV,2.0947696922827492,0.11211815264069247,0.21321862898185412,0.5258365705476619,-0.3889072384930611,19
CVX,0.8052664627726585,0.05713766282803512,0.1898008502184769,0.3010400783888208,-0.42248445148343694,15
NFLX,2.0493676131128957,0.11057314852292133,0.27507826967492377,0.40196976901734965,-0.4799693231469826,8
KO,0.39464758410575596,0.031784605801236765,0.15324090505860682,0.20741593629377728,-0.3698755905605522,17
CRM,1.0366848260327384,0.06919988726222415,0.25845757298493105,0.26774176690987783,-0.39008728273543647,14
MRK,1.9484724704671939,0.10706373740384167,0.17326238529540602,0.6179283358087326,-0.33080698968472677,9
AMD,26.333735232537155,0.36503258131106886,0.4406132356057867,0.8284648571874966,-0.4911369499584495,7
PEP,0.423682133411166,0.03378634024136984,0.16333097059713694,0.2068581366892464,-0.2881708383176388,14
TMO,2.191978595998731,0.11535822878875646,0.20085905924317207,0.5743242511610932,-0.33917384337892065,9
LIN,0.47468603856901437,0.03721482708387236,0.17264270789487632,0.21555979709570355,-0.32585060319259485,13
ACN,0.20753958803433803,0.01789750289558034,0.16241717025067035,0.11019464794244237,-0.33691380753318656,8
MCD,0.12205187446004384,0.010891312476204007,0.15600774402037762,0.06981264003651891,-0.4367499666842153,20
CSCO,3.0188140427613526,0.13978894290985244,0.19343925081233715,0.7226503531357608,-0.32421785012729,9
ABT,0.8279180351815871,0.05837834523233143,0.1882216742623818,0.3101574006346994,-0.41966880323586264,12
IBM,-0.08779015818509628,-0.008605934231239676,0.19915322697230273,-0.04321262759370978,-0.5946239715852899,16
GE,2.860593446278312,0.13549071012873037,0.252624920143199,0.5363315307608143,-0.5478579269709416,13
ADBE,0.7200709877028597,0.05234140301507706,0.21717171803970517,0.2410139012921911,-0.35860153013657703,10
WFC,0.24020452674637105,0.02045637628857766,0.21315864313396088,0.0959678481145225,-0.4624418376634539,19
CAT,0.8113726156816286,0.05747349419750636,0.22299715449292035,0.2577319622225539,-0.5153266492848778,15
PM,0.10069719421108925,0.009065795587789749,0.1977262894005054,0.04585022869380047,-0.5699484141949549,25
QCOM,-0.5920901419304979,-0.08088947110040678,0.27759014985899555,-0.29139892442687654,-0.6536256098752629,21
VZ,-0.10979051634297277,-0.010879989706160331,0.1485980187927344,-0.07321759599861032,-0.4240468656523395,19
INTU,0.464801105214504,0.03655884347693039,0.22004085575363347,0.16614570667668704,-0.3960430216983266,12
TXN,0.3897163943443773,0.03144088906320475,0.22837850498240383,0.137670088809922,-0.4949818881717052,13
AMGN,0.7271720982714922,0.05274930293077951,0.21065818591136706,0.25040234113177734,-0.3273971035086567,19
ISRG,1.7908317636687423,0.10135648666475294,0.2523378191892082,0.40166982099799203,-0.5350941927092805,20
GS,2.1349092528098246,0.11346706881116675,0.23562626997803515,0.481555256218859,-0.45621007602946284,15
RTX,0.5469408510908822,0.04189231533378157,0.19973318351718958,0.20974138896742817,-0.5198195320005405,9
PORTFOLIO,1.8760694049794702,0.10447766751771814,0.11677882275688492,0.8946627911742538,-0.2766759909875647,0
BUY_AND_HOLD_SPY,3.5500250754288656,0.15317716506096457,0.17756711358504929,0.8626437743360476,-0.3371727263767488,0
